id_funcionario,nome,cpf,rg,pis,salario,sexo,situacao,cidade,id_estado
1,"Juliana Paes",111.111.111-11,11.111.111-1,111.11111.11-1,2395,F,1,Concórdia,24
2,"Raul Cortez",222.222.222-22,22.222.222-2,222.22222.22-2,2450,M,1,Concórdia,24
3,"Cauã Reymond",333.333.333-33,33.333.333-3,333.33333.33-3,1940,M,1,Arabutã,24
4,"Stênio Garcia",444.444.444-44,44.444.444-4,444.44444.44-4,2300,M,0,Concórdia,24
5,"Betty Faria",555.555.555-55,55.555.555-5,555.55555.55-5,1045,F,1,Chapecó,24
6,"Suzana Vieira",666.666.666-66,66.666.666-6,666.66666.66-6,1778,F,0,Concórdia,24
7,"Adriana Esteves",777.777.777-77,77.777.777-7,777.77777.77-7,1300,F,1,Concórdia,24
8,"Alexandre Borges",888.888.888-88,88.888.888-8,888.88888.88-8,2250,M,0,Irani,24
9,"Mariana Ximenes",999.999.999-99,99.999.999-9,999.99999.99-9,1880,F,1,Concórdia,24
10,"Nívea Maria",101.010.101.01,10.101.010-1,101.01010.10-1,1600,F,1,"Caxias do Sul",21
