id_produto,descricao,preco_venda,qtd_estoque,unidade_medida,categoria
1,"Refrigerante Coca-cola 3l",8.99,30,un,Bebidas
2,Ervilha,3.08,15,un,Alimentação
3,"Arroz 1kg",4.89,50,un,Alimentação
4,"Refrigerante Pepsi 3l",7.99,30,un,Bebidas
5,Beterraba,2.99,18,kg,Hortifruti
6,"Água sanitária",4.99,25,un,Limpeza
7,"Leite em pó",9.12,30,un,Alimentação
8,"Refrigerante Coca-cola 2l",6.99,50,un,Bebidas
9,Cenoura,3.45,25,kg,Hortifruti
10,"Esponja de aço",3.24,150,un,Limpeza
11,Abacate,3.89,38,kg,Hortifruti
12,"Saco de lixo 50l",10.15,30,un,Limpeza
13,"Feijão 2kg",3.85,50,un,Alimentação
14,Mamão,4.91,19,kg,Hortifruti
15,Banana,4.99,300,kg,Hortifruti
16,Quiabo,0.45,0,kg,Hortifruti
17,Condicionador,11.95,0,un,Limpeza
18,"Extrato de tomate",3.35,100,un,Alimentação
19,Fubá,2.1,0,un,Alimentação
20,Goiabada,3.45,0,un,Alimentação
21,"Suco sachê",0.99,300,un,Bebidas
22,Café,5.87,45,un,Alimentação
23,Sardinha,3.45,50,un,Alimentação
24,Desinfetante,4.9,25,un,Limpeza
25,"Tira manchas",9.73,0,un,Limpeza
26,"Limpa vidros",8.45,0,un,Limpeza
27,Peixe,25.89,125,kg,Carnes
28,"Leite condensado",5.8,0,un,Alimentação
29,Açucar,3.78,59,un,Alimentação
30,Bolacha,2.45,100,un,Alimentação
31,Presunto,4.12,180,kg,Carnes
32,"Doce de leite",5.85,35,un,Alimentação
33,Atum,5.9,40,un,Alimentação
34,"Queijo outros",9.24,0,kg,Frios
35,"Carne Suína",29.99,400,kg,Carnes
36,Sabonete,1.25,80,un,Limpeza
37,"Suco caixinha 500ml",3.99,0,un,Bebidas
38,"Farinha de milho",1.89,50,un,Alimentação
39,Chuchu,2.86,0,kg,Hortifruti
40,"Sabão em pedra",2.65,0,un,Limpeza
41,"Carne Vermelha",38.38,800,kg,Carnes
42,"Arroz 5kg",9.95,30,un,Alimentação
43,"Farinha de trigo",1.99,0,un,Alimentação
44,"Farinha de mandioca",1.59,35,un,Alimentação
45,"Queijo Minas",29.89,100,kg,Frios
46,Achocolatado,7.99,30,un,Alimentação
47,Detergente,1.3,100,un,Limpeza
48,"Creme de leite",3.57,30,un,Alimentação
49,"Milho de pipoca",2.99,30,un,Alimentação
50,"Refrigerante Pepsi 2l",5.99,40,un,Bebidas
51,"Sabão em pó",13.99,50,un,Limpeza
52,Batata,2.76,80,kg,Hortifruti
53,"Farofa pronta",3.8,0,un,Alimentação
54,Alface,2.89,55,kg,Hortifruti
55,Cebola,0.89,200,kg,Hortifruti
56,Margarina,2.49,40,un,Frios
57,"Lustra móveis",5.12,0,un,Limpeza
58,Iogurte,5.63,100,un,Frios
59,"Pão de forma",5.8,0,un,Alimentação
60,"Leite integral 1l",3.8,100,un,Bebidas
61,Chicória,1.25,15,kg,Hortifruti
62,Salsa,0.35,30,kg,Hortifruti
63,Shampo,9.8,15,un,Limpeza
64,Melão,0.98,200,kg,Hortifruti
65,Manteiga,3.99,0,un,Frios
66,Uva,4.81,25,kg,Hortifruti
67,Ovos,5.45,100,un,Hortifruti
68,"Queijo Mussarela",18.5,100,kg,Frios
69,Frango,18.57,300,kg,Carnes
70,Amaciante,8.85,45,un,Limpeza
71,"Refrigerante Coca-cola 2,5l",7.89,0,un,Bebidas
72,Mandioca,3.78,0,kg,Hortifruti
73,"Molho de tomate",3.15,80,un,Alimentação
74,Salsicha,5.6,0,un,Frios
75,Couve,3.1,35,kg,Hortifruti
76,"Óleo de cozinha",5.89,40,un,Alimentação
77,"Arroz 10kg",15.99,0,un,Alimentação
78,"Molho de pimenta",3.52,0,un,Alimentação
79,Sal,2.95,100,un,Alimentação
80,"Suco garrafa 1l",5.99,38,un,Bebidas
81,"Milho verde",2.99,20,un,Alimentação
82,"Feijão 5Kg",7.89,30,un,Alimentação
83,Tomate,5.3,100,kg,Hortifruti
84,"Saco de lixo 30l",6.68,0,un,Limpeza
85,Macarrão,3.87,80,un,Alimentação
86,Maionese,5.99,25,un,Alimentação
87,Alcool,3.5,30,un,Limpeza
88,Espinafre,2.96,0,kg,Hortifruti
89,"Leite desnatado 1l",4.12,20,un,Bebidas
90,Melancia,1.1,300,kg,Hortifruti
91,"Leite integral 500ml",2.59,0,un,Bebidas
92,"Bucha de pia",0.8,0,un,Limpeza
