id_venda,numero_nota,data,hora,qtd_produtos,per_acrescimo,per_desconto,valor_acrescimo,valor_desconto,valor_pagar,forma_pgto,situacao,id_cliente,id_funcionario,id_empresa
1,2,2020-10-01,11:34:55,7,NULL,NULL,NULL,NULL,31.38,Dinheiro,1,12,7,1
2,3,2020-10-01,14:19:11,9,12,NULL,7.52587,NULL,70.2414,Prazo,0,1,10,1
3,4,2020-10-02,08:33:12,2,NULL,6,NULL,0.86492,13.5504,Dinheiro,1,7,2,1
4,5,2020-10-02,11:20:55,8,NULL,8,NULL,4.28663,49.2963,Dinheiro,1,2,9,1
5,6,2020-10-02,15:12:00,1,NULL,NULL,NULL,NULL,3.8,Dinheiro,1,15,3,1
6,7,2020-10-03,10:44:59,5,8,NULL,2.65682,NULL,35.867,Prazo,0,3,8,1
7,8,2020-10-03,12:34:12,7,NULL,NULL,NULL,NULL,75.7878,Dinheiro,1,2,5,1
8,9,2020-10-03,16:06:44,3,9,NULL,0.6984,NULL,8.4584,Prazo,0,6,9,1
9,10,2020-10-03,18:12:33,1,NULL,8,NULL,0.3912,4.4988,Dinheiro,1,19,1,1
10,11,2020-10-04,09:31:11,1,NULL,NULL,NULL,NULL,6.99,Dinheiro,1,13,4,1
11,12,2020-10-04,13:01:56,4,NULL,6,NULL,9.96789,156.164,Dinheiro,1,6,5,1
12,13,2020-10-05,07:19:35,6,12,NULL,5.5365,NULL,51.674,Prazo,0,2,10,1
13,14,2020-10-05,12:38:59,2,NULL,NULL,NULL,NULL,3.44,Dinheiro,1,16,4,1
14,15,2020-10-06,16:00:31,1,NULL,NULL,NULL,NULL,3.5,Dinheiro,1,1,3,1
15,16,2020-10-07,11:01:59,9,NULL,NULL,NULL,NULL,63.8037,Prazo,0,17,9,1
16,17,2020-10-08,09:23:44,2,9,NULL,1.4382,NULL,17.4182,Prazo,0,6,2,1
17,18,2020-10-08,13:08:11,7,12,NULL,3.31719,NULL,30.9605,Prazo,0,2,1,1
18,19,2020-10-08,17:19:00,2,NULL,NULL,NULL,NULL,8.44,Dinheiro,1,5,8,1
19,20,2020-10-09,10:05:28,7,8,NULL,3.8626,NULL,52.1451,Prazo,0,10,10,1
20,1,2020-10-01,09:45:23,8,9,NULL,3.22266,NULL,39.03,Prazo,0,3,8,1
