id_cliente,nome,cpf,nascimento,sexo,cidade
1,"Joaquin Phoenix",484.195.670-00,1961-07-16,M,Concórdia
2,"Nicole Kidman",670.234.510-05,1983-11-09,F,Concórdia
3,"Angelina Jolie",601.058.450-78,2003-03-03,F,Concórdia
4,"Tom Cruise",041.561.980-73,1982-10-18,M,"São Paulo"
5,"Maryl Streep",610.834.910-75,1999-08-24,F,Concórdia
6,"Jennifer Aniston",071.482.130-61,1998-09-13,F,Florianópolis
7,"Salma Hayek",173.364.230-78,1991-08-31,F,Concórdia
8,"John Travolta",231.048.070-35,1989-11-23,M,Erechim
9,"Sandra Bullock",861.932.580-94,1996-09-02,F,Salvador
10,"Charlize Theron",477.588.620-71,1968-02-09,F,Erechim
11,"Johnny Depp",015.168.810-95,1965-12-04,M,Concórdia
12,"Adam Sandler",717.664.680-55,1956-10-27,M,Chapecó
13,"Will Smith",490.014.910-14,1982-06-11,M,Concórdia
14,"Julia Roberts",355.535.910-07,1990-05-03,F,Chapecó
15,"Jessica Alba",739.807.290-28,1961-01-13,F,Concórdia
16,"Tom Hanks",769.813.290-00,1991-07-04,M,Concórdia
17,"Nicolas Cage",627.989.720-60,1979-03-23,M,Concórdia
18,"Sylvester Stallone",922.408.820-18,1957-12-09,M,Joinville
19,"Scarlett Johansson",861.114.600-05,1991-02-24,F,"Santo André"
20,"Emma Stone",461.433.690-62,1983-03-26,F,Concórdia
