id_funcionario,nome,cpf,sexo,salario,per_comissao,cidade
1,"Alexandre Borges",888.888.888-88,M,2250,6.9,Irani
2,"Raul Cortez",222.222.222-22,M,2450,6,Concórdia
3,"Stênio Garcia",444.444.444-44,M,2300,9,Concórdia
4,"Cauã Reymond",333.333.333-33,M,1940,5.5,Arabutã
5,"Adriana Esteves",777.777.777-77,F,1300,2,Concórdia
6,"Nívea Maria",101.010.101.01,F,1600,11,"Caxias do Sul"
7,"Mariana Ximenes",999.999.999-99,F,1880,0,Concórdia
8,"Juliana Paes",111.111.111-11,F,2395,5,Concórdia
9,"Betty Faria",555.555.555-55,F,1045,8,Chapecó
10,"Suzana Vieira",666.666.666-66,F,1778,3,Concórdia
