id_produto,descricao,preco_venda,preco_custo,per_lucro,qtd_estoque
1,"Cheese Salada",10.87,7.5,45,100
2,"Cheese Burguer",13.5,9,50,100
3,"Cheese Bacon",16.5,11,50,100
4,"Coca-Cola Lata",2.27,1.75,30,50
5,"Coca-Cola 600ml",4.22,3.25,30,50
6,"Coca-Cola 1L",5.8,4,45,30
7,"Batata Frita Porção Pequena",13.98,9.99,40,100
8,"Batata Frita Porção Grande",18.9,13.5,40,100
9,"Alcatra com Fritas e Queijo",29.66,19.9,49,100
10,"Alcatra com Fritas",23.8,15.99,49,100
11,"Suco Natural Laranja",3.04,2.25,35,100
12,"Suco Natural Uva",4.03,2.99,35,100
13,"Suco Natural Manga",3.78,2.8,35,100
14,"Pizza Média",24.95,16.75,49,100
15,"Pizza Grande",29.79,19.99,49,100
